edward-s-buckler	https://static.wixstatic.com/media/a763bb_cb8ac580d002466fb60aa2f347d2bb71~mv2.jpg
m-cinta-romay	https://static.wixstatic.com/media/a763bb_988cc07385e747439592ed450698496e~mv2.png
sara-miller	https://static.wixstatic.com/media/a763bb_83b01744be1e47be8b6dfd35023a1624~mv2.png
moira-sheehan	https://static.wixstatic.com/media/a763bb_3c1fa0a312e14565a19f1a9eb363a628~mv2.jpg
zack-miller	https://static.wixstatic.com/media/a763bb_25e6d5c7d8aa4367be1b90a27e39281a~mv2.png
brandon-monier	https://static.wixstatic.com/media/a763bb_c8cd1071f6b14b87b4afc0bf6431a98a~mv2.jpg
jingjing-zhai	https://static.wixstatic.com/media/a763bb_3af8f971db7c40ff9b6f0933c3697855~mv2.jpg
jonathan-ojeda	https://static.wixstatic.com/media/a763bb_f69a957d711c469caa6268870b291fea~mv2.jpg
lara-brindisi	https://static.wixstatic.com/media/a763bb_0367a6de0e924c998c88b6b20e8abc5d~mv2.jpg
michelle-stitzer	https://static.wixstatic.com/media/a763bb_bf42accdc23a4e4a82dba891bc56fb11~mv2.png
sheng-kai-hsu	https://static.wixstatic.com/media/a763bb_9b1c05d4720e43e9ad7dd220c653ff7f~mv2.jpg
wei-yun-lai	https://static.wixstatic.com/media/729a98_dc89b30259f648c2844c8aeca66eea74~mv2.png
niranjani-gnanapragasam	https://static.wixstatic.com/media/729a98_883193ccb65248368ba1e25cb4fa26bb~mv2.jpg
yun-luo	https://static.wixstatic.com/media/729a98_d4dc0f1140a94af98ea29477bfad0836~mv2.jpg
beatrice-konadu	https://static.wixstatic.com/media/a763bb_84ba061e1b054012a68133f15555dccf~mv2.png
charles-hale	https://static.wixstatic.com/media/a763bb_c5a6a0e559784df1a61652483bc8e70a~mv2.jpg
mohamed-el-walid	https://static.wixstatic.com/media/a763bb_e188d1034d234220942419b37bbcb330~mv2.jpg
ana-berthel	https://static.wixstatic.com/media/a763bb_1875cbc39a584dc8adb807cc59148a6d~mv2.jpg
sarah-mcmorrow	https://static.wixstatic.com/media/729a98_e249912631f74b2786401e1dc11c2617~mv2.png
thuy-la	https://static.wixstatic.com/media/a763bb_600d4ee6a3284f239cef46ccdd1b82c6~mv2.png
nick-lepak	https://static.wixstatic.com/media/a763bb_bbd0d825966a43d39c11a7c8522e9d64~mv2.png
bethany-econopouly	https://static.wixstatic.com/media/a763bb_fe5af1b6c85a4d709090d0167d13087b~mv2.jpg
henry-dawson	https://static.wixstatic.com/media/729a98_28b5edd8d89148e8a7abd3dc715924a7~mv2.png
zong-yan-liu	https://static.wixstatic.com/media/a763bb_814f3901f14c40b5a3118fc9afde0a17~mv2.jpg
szu-ping-chen	https://static.wixstatic.com/media/729a98_698889c7b27249d5bc52ce51366d6320~mv2.webp
qiang-xu	https://static.wixstatic.com/media/a763bb_41207dbfcb7b426a8a1fe16982af035a~mv2.jpg
jianbing-yan	https://static.wixstatic.com/media/a763bb_266a1cd18d0047beae1ea9e950ccd9b6~mv2.jpg
alex-lipka	https://static.wixstatic.com/media/a763bb_2c2a587d2b74416ea8412d8b53f338c2~mv2.png
sarah-jensen	https://static.wixstatic.com/media/a763bb_5aa9535c15644309a697b8a05468b346~mv2.jpg
jacob-washburn	https://static.wixstatic.com/media/a763bb_2ab886f7650941f1a982abeb21588a17~mv2.png
aimee-schulz	https://static.wixstatic.com/media/a763bb_52a7ac5744834a4ead621b3b8fd7fea9~mv2.jpg
guillaume-ramstein	https://static.wixstatic.com/media/a763bb_d32f15e3e8eb4abdbd5c7b67fd919cf9~mv2.jpg
michael-gore	https://static.wixstatic.com/media/a763bb_6bc25e7c98f6492bac3c3ed308e3877d~mv2.jpg
terry-casstevens	https://static.wixstatic.com/media/a763bb_f278455a0323484b9c5bfa4711305b6c~mv2.png
joseph-gage	https://static.wixstatic.com/media/a763bb_ea3dc09ed30c46b29130152719dd6aa3~mv2.png
germano-costa-neto	https://static.wixstatic.com/media/a763bb_cd37c8145bee4ac3b4b81e3c25ecd58a~mv2.jpg
baoxing-song	https://static.wixstatic.com/media/a763bb_f6f1d2620d594ae1b0d2ecfccbcc9812~mv2_d_1338_1338_s_2.png
feng-tian	https://static.wixstatic.com/media/a763bb_1498c367a5fd4602ba45b9e68f72f888~mv2.png
zhiwu-zhang	https://static.wixstatic.com/media/a763bb_d9d3e93b24944f98bc6b83262eef6306~mv2.png
karl-kremling	https://static.wixstatic.com/media/a763bb_96897da527834225ae7b0e6330240454~mv2.png
nonoy-bandillo	https://static.wixstatic.com/media/a763bb_965e188d4aa14356991c2ab03908eeb9~mv2.png
huihui-li	https://static.wixstatic.com/media/a763bb_aeef321f2f5341399701f3beb68a22df~mv2.jpg
hai-wang	https://static.wixstatic.com/media/a763bb_2d2ee13296c14d07ac7bf5b6a62d59b2~mv2_d_2816_4120_s_4_2.jpg
carlos-harjes	https://static.wixstatic.com/media/a763bb_0830a4ddf84049b1a2dc447979d1a953~mv2.png
sean-myles	https://static.wixstatic.com/media/a763bb_3d74c1c211ba4b0e805586001c4a16cf~mv2.png
kelly-swarts	https://static.wixstatic.com/media/a763bb_c33e4abe40034bcd9b15c399a4a77243~mv2.png
denise-costich	https://static.wixstatic.com/media/a763bb_09dec5a8a22d465d90bc881309805cb3~mv2_d_1727_1759_s_2.jpg
jianming-yu	https://static.wixstatic.com/media/a763bb_398f8b4eed38441fac865d762dffb355~mv2.png
fei-lu	https://static.wixstatic.com/media/a763bb_6432073861b7476fb37e0021ffeb45df~mv2.png
jason-wallace	https://static.wixstatic.com/media/a763bb_d3a9ea8c80c34046a1a8b7539af4ff3c~mv2.png
christy-gault	https://static.wixstatic.com/media/a763bb_46d71e09139343debe04d73ff681ab66~mv2.png
charles-chen	https://static.wixstatic.com/media/a763bb_310afab8b1954b00a9acf8ffb02fa8b6~mv2.jpg
matias-kirst	https://static.wixstatic.com/media/a763bb_b5d71b63c3a74fe9a33e8e8e1595dd34~mv2.png
allison-krill-brown	https://static.wixstatic.com/media/a763bb_bb2af054b6bf4ce0b6a2cb069d3bb997~mv2.png
dallas-e-kroon	https://static.wixstatic.com/media/a763bb_34489b44ce4e4076aac3e6cd88901bcb~mv2.png
merritt-khaipho-burch	https://static.wixstatic.com/media/a763bb_9392d25c62564cf483b458c17adc0997~mv2_d_2448_2175_s_2.jpg
mingqiu-dai	https://static.wixstatic.com/media/a763bb_69e1129436c9477e95d27f50934d3387~mv2.jpg
yaoyao-wu	https://static.wixstatic.com/media/a763bb_090ef1c2ba7a4ca79a14c28ecb697777~mv2_d_2544_3656_s_4_2.jpg
patrick-brown	https://static.wixstatic.com/media/a763bb_c969f0c96f4a4ec4b2e78185f0d33a24~mv2.jpg
travis-wrightsman	https://static.wixstatic.com/media/a763bb_5dc02c8bbadb424eac935a7e30200998~mv2_d_1556_1556_s_2.jpg
taylor-ferebee	https://static.wixstatic.com/media/a763bb_00780191c3da477ba2a12dd821d6b587~mv2.jpg
arcadio-valdes-franco	https://static.wixstatic.com/media/a763bb_dfaba4eda4764725a701bad68903219e~mv2.png
maxwell-swann	https://static.wixstatic.com/media/a763bb_cb6bfc07ce394b289180e606b3bcfaef~mv2.png
nisha-singh	https://static.wixstatic.com/media/a763bb_89d826a715114c38b6b28aeac4a14132~mv2.jpg
sara-larsson	https://static.wixstatic.com/media/a763bb_b387848fc3dd4a3fb7c89ee91f1b34e9~mv2.png
evan-long	https://static.wixstatic.com/media/a763bb_0e79454e9ab7494285bf6cf96a0b5b11~mv2_d_1652_2048_s_2.jpg
maria-katherine-mejia-guerra	https://static.wixstatic.com/media/a763bb_b42706364d8341f29d0f36993f98e1f3~mv2.jpg
nengyi-zhang	https://static.wixstatic.com/media/a763bb_116365d4c4a54a7daa5a1715fd3f7a04~mv2.png
sherry-flint-garcia	https://static.wixstatic.com/media/a763bb_93f6dc4eb9ab43c5a8faec971a1ab62e~mv2.png
vaishnavi-gupta	https://static.wixstatic.com/media/a763bb_862ee94ad0c24456b758278f4d67071f~mv2.jpg
travis-rooney	https://static.wixstatic.com/media/a763bb_ea4f5267560a4a7c83c05708afca150a~mv2.jpg
jennifer-zhao	https://static.wixstatic.com/media/a763bb_03b263cf67a64452b840d19f0bc67440~mv2.jpg
allen-gelfond	https://static.wixstatic.com/media/a763bb_d94e4522374f413d9a1330534df6a3bd~mv2.jpg
elad-oren	https://static.wixstatic.com/media/a763bb_f446cf592811453e9dc890187e006753~mv2.jpg
xiao-lei-liu	https://static.wixstatic.com/media/a763bb_19ef0613d57b4a84bc21a821f494e975~mv2.jpg
ramu-punna	https://static.wixstatic.com/media/a763bb_62ee0edbe3aa4c33aa7f71eae0cb94c7~mv2.png
sophie-mccomb	https://static.wixstatic.com/media/a763bb_16e1b137ca5840aa8479f4551fb4d245~mv2.jpg
anju-giri	https://static.wixstatic.com/media/a763bb_2d4c2f77b1ce465b83c348a3a0cd8414~mv2.jpg
meng-li	https://static.wixstatic.com/media/a763bb_1c1e90951f8e4aa793e1a6d7fd168593~mv2.png
peter-bradbury	https://static.wixstatic.com/media/a763bb_60324c1712ba4603ae6e9d51811474eb~mv2.png
grace-campidilli	https://static.wixstatic.com/media/a763bb_1b8ce807e6f146f0b731145cd262e042~mv2.jpg
ravi-valluru	https://static.wixstatic.com/media/a763bb_5f0cd01fafe443e882a4557b87f7edff~mv2.jpg
shu-yun-chen	https://static.wixstatic.com/media/a763bb_668e0781e8ab497c995f31d44a3a0e00~mv2.jpg
tao-zuo	https://static.wixstatic.com/media/a763bb_de2df445d6fb4de8a3bc181bb4dd4f19~mv2.jpg
amit-gur	https://static.wixstatic.com/media/a763bb_fa15361974724ed99fd50c010e6eb616~mv2.jpg
evan-rees	https://static.wixstatic.com/media/a763bb_30d6d01808c548b0ab1840e8a3b72147~mv2.jpg
xiao-zhang	https://static.wixstatic.com/media/a763bb_d215cc4194914df486cfa8a5d07c9df4~mv2.jpg
elhan-ersoz	https://static.wixstatic.com/media/a763bb_d9948fec4dbd40d181a346bc1d69265f~mv2.png
larissa-wilson	https://static.wixstatic.com/media/a763bb_0fd095283cc54cf6b948f43fb35a349b~mv2.png
ram-kumar-sharma	https://static.wixstatic.com/media/a763bb_3e8616b4e59a433a806f9b44f520560b~mv2.jpg
kenta-shirasawa	https://static.wixstatic.com/media/a763bb_78a6b6bd5fc4429e98046947d8081257~mv2.jpg
arturo-garcia	https://static.wixstatic.com/media/a763bb_091839b93b584993a517223618b7d1de~mv2.jpg
jeff-glaubitz	https://static.wixstatic.com/media/a763bb_136d50d3b9c44087ac6b0f7637d1f1fe~mv2.png
nick-kaczmar	https://static.wixstatic.com/media/a763bb_bfaf1dcb102f437da01add0fddfad27f~mv2.png
eli-rodgers-melnick	https://static.wixstatic.com/media/a763bb_9db42b2f2782456d94d04847a0d64759~mv2.png
beth-kraft-sant	https://static.wixstatic.com/media/a763bb_c6e826b186244681a21d3f7478c1a4e9~mv2.jpg
linda-rigamer-lirette	https://static.wixstatic.com/media/a763bb_db8de3a02c8f4ce2ad4f57d40ba03d4e~mv2.jpg
yogesh-ramdoss	https://static.wixstatic.com/media/a763bb_f7afa9e3a1854e5da965821284fe2b1b~mv2.jpeg
lu-cao	https://static.wixstatic.com/media/a763bb_9ca41ca05c8a4e19b87150d6257c6c2d~mv2.jpeg
emily-yi	https://static.wixstatic.com/media/a763bb_6ca326942a104114a9263652c5d03ca3~mv2.jpg
alina-miller	https://static.wixstatic.com/media/a763bb_521d538116f04e1daf9c6c2186f3c75a~mv2.jpg
mei-hsiu-su	https://static.wixstatic.com/media/a763bb_e4471fd9834d4a4183ade32a38b69c90~mv2.jpg
carlos-ligne-calderon-vazquez	https://static.wixstatic.com/media/a763bb_d801f2c1708f4fa1ae9ee61a6296f0c2~mv2.jpg
matthew-wiese	https://static.wixstatic.com/media/a763bb_4236e3221a214d87aeac5c7593bf2826~mv2.jpg
ben-fehr	https://static.wixstatic.com/media/a763bb_8ed40932c271409b9dfc109699f42f72~mv2.png
patrick-o-briant	https://static.wixstatic.com/media/a763bb_780384b7d33b4c5aa29fabbf33200e7e~mv2.jpg
david-remington	https://static.wixstatic.com/media/a763bb_a75b89113c5946bb9153f46a88549115~mv2.png
truman-tse	https://static.wixstatic.com/media/a763bb_7c46ee688d3a4091a319111857069ad0~mv2_d_1932_2576_s_2.jpg
jeff-thornsberry	https://static.wixstatic.com/media/a763bb_0c0cac1218c7403c9fdf7eb3a3abfe53~mv2.png
torsten-pook	https://static.wixstatic.com/media/a763bb_24d65d9fa75d4922a9319783d66d7418~mv2.jpg
timothy-reeves	https://static.wixstatic.com/media/a763bb_6033e7e0de644401a87ccfe0c081271c~mv2_d_3024_4032_s_4_2.jpg
emre-cimen	https://static.wixstatic.com/media/a763bb_03b15d41e8ec4a858c38f851174f6235~mv2_d_1234_1248_s_2.jpg
brad-rauh	https://static.wixstatic.com/media/a763bb_9498a40246e644a6baec13e2aa86691d~mv2.jpg
cindy-guan	https://static.wixstatic.com/media/a763bb_287864f18a664d1689a9c7e9c7c5082a~mv2.jpg
gregory-young	https://static.wixstatic.com/media/a763bb_693897e3db2c4e94b88563f5b042d64b~mv2.png
irie-vroh-bi	https://static.wixstatic.com/media/a763bb_1260928d60df479daba0f06efec9e6cd~mv2.png
sherry-whitt	https://static.wixstatic.com/media/a763bb_243acb0a4392431285c5e85f2b91cbaf~mv2.jpg
elliot-richards	https://static.wixstatic.com/media/a763bb_7fdf28a9652d408b82fbae0aa3ee2593~mv2.jpg
andrew-robertson	https://static.wixstatic.com/media/a763bb_a1d806e3057d457cbae6a7dcf8bed42d~mv2.jpg
lynn-johnson	https://static.wixstatic.com/media/a763bb_4a5ca40be56245369355c3b4baf8beab~mv2.png
heather-mose-yates	https://static.wixstatic.com/media/a763bb_a71968909a6e47e89b0f2691719d7e19~mv2.png
jorge-alberto-romero	https://static.wixstatic.com/media/a763bb_f63ef9822a6a4ae1bc14154dafbae112~mv2.png
jack-greenberg	https://static.wixstatic.com/media/a763bb_87e0375ed3bb4c7d8e8773f72e48e185~mv2_d_2000_2500_s_2.png
shawna-robertson	https://static.wixstatic.com/media/a763bb_b8f1c43b98b1435d9f1ce04f7fa71bb4~mv2.jpg
libby-gilmore	https://static.wixstatic.com/media/a763bb_ede6c5375699483380e897b4dd8e04f1~mv2.png
josh-budka	https://static.wixstatic.com/media/a763bb_d9efa7b23e7c4ba090a76e6e36d8ad38~mv2.jpg
george-day	https://static.wixstatic.com/media/a763bb_0b0a185d9d554f9cb7be07d8cc616382~mv2.jpg
jeffrey-morse	https://static.wixstatic.com/media/a763bb_bff6d07618ac4614b3c0d69928fb67b7~mv2.png
janu-verma	https://static.wixstatic.com/media/a763bb_6b47160d06224596a9ef8e4bf8bde8ad~mv2.png
rob-elshire	https://static.wixstatic.com/media/a763bb_005a441ad34d4699bc37e836a1855091~mv2.png
susan-romero	https://static.wixstatic.com/media/a763bb_42273965d7ec4651b2151580ff626935~mv2.png
james-harriman	https://static.wixstatic.com/media/a763bb_7dc63259074248beb2d380171b7a86f6~mv2.jpg
jesse-zhou	https://static.wixstatic.com/media/a763bb_96115c90f2aa4e559ee910305c297124~mv2_d_2448_3264_s_4_2.jpg
natalie-stevens	https://static.wixstatic.com/media/a763bb_b64129e5961f4445bf17569ef794fb67~mv2.png
gael-pressoir	https://static.wixstatic.com/media/a763bb_fae28922f392435e8eaba14d5894f51d~mv2.png
